District Name,District Code,PK,K,1,2,3,4,5,6,7,8,9,10,11,12,SP,Total
Abby Kelley Foster Charter Public (District),04450000,0,115,123,119,123,126,130,128,128,112,85,74,83,80,0,"1,426"
Abington,00010000,80,158,143,166,174,181,194,170,173,156,144,121,141,123,8,"2,132"
Academy Of the Pacific Rim Charter Public (District),04120000,0,0,0,0,0,0,32,49,80,87,80,70,51,52,0,501
Acton-Boxborough,06000000,111,322,306,368,350,380,353,384,404,416,393,400,399,415,4,"5,005"
Acushnet,00030000,51,82,84,100,91,90,109,96,120,101,0,0,0,0,0,924
Advanced Math and Science Academy Charter (District),04300000,0,0,0,0,0,0,0,137,142,143,139,136,142,124,0,963
Agawam,00050000,130,234,255,245,259,259,251,262,252,238,300,235,248,242,8,"3,418"
Alma del Mar Charter School (District),04090000,0,100,101,100,100,100,100,148,149,146,0,0,0,0,0,"1,044"
Amesbury,00070000,51,147,151,148,146,133,145,133,102,131,115,140,130,132,9,"1,813"
Amherst,00080000,50,112,159,130,151,119,139,151,0,0,0,0,0,0,0,"1,011"
Amherst-Pelham,06050000,0,0,0,0,0,0,0,0,192,183,189,189,192,227,11,"1,183"
Andover,00090000,104,336,383,375,410,433,429,394,483,421,372,400,402,404,0,"5,346"
Argosy Collegiate Charter School (District),35090000,0,0,0,0,0,0,0,106,106,104,87,75,64,62,0,604
Arlington,00100000,79,429,455,443,494,498,486,480,522,455,466,434,443,414,0,"6,098"
Ashburnham-Westminster,06100000,84,132,131,153,160,181,173,165,217,182,161,163,154,159,5,"2,220"
Ashland,00140000,90,195,184,218,175,241,241,209,234,235,219,227,217,225,0,"2,910"
Assabet Valley Regional Vocational Technical,08010000,0,0,0,0,0,0,0,0,0,0,307,289,279,256,0,"1,131"
Athol-Royalston,06150000,66,124,109,137,128,143,125,108,114,104,125,93,89,96,6,"1,567"
Atlantis Charter (District),04910000,0,110,110,110,110,110,110,110,108,108,74,60,53,61,0,"1,234"
Attleboro,00160000,238,418,455,410,422,442,407,450,453,449,487,516,504,534,20,"6,205"
Auburn,00170000,85,169,145,146,174,185,182,211,203,198,177,182,188,189,10,"2,444"
Avon,00180000,18,37,49,48,57,51,51,51,59,62,41,44,58,49,0,675
Ayer Shirley School District,06160000,63,124,130,128,152,164,113,139,127,130,96,89,97,104,0,"1,656"
Barnstable,00200000,162,351,351,366,396,374,350,280,300,343,283,288,323,325,19,"4,511"
Baystate Academy Charter Public School (District),35020000,0,0,0,0,0,0,0,61,61,71,39,38,43,31,0,344
Bedford,00230000,40,129,138,163,156,151,192,182,196,217,205,213,215,200,0,"2,397"
Belchertown,00240000,55,116,138,138,138,166,168,165,160,166,146,141,125,135,8,"1,965"
Bellingham,00250000,110,137,154,136,152,133,145,154,147,166,158,150,156,151,8,"2,057"
Belmont,00260000,66,268,261,269,316,349,321,358,355,372,392,337,400,369,0,"4,433"
Benjamin Banneker Charter Public (District),04200000,25,46,44,48,46,45,46,44,0,0,0,0,0,0,0,344
Benjamin Franklin Classical Charter Public (District),04470000,0,100,100,100,100,100,100,100,100,99,0,0,0,0,0,899
Berkley,00270000,73,75,75,84,87,86,84,106,93,83,0,0,0,0,0,846
Berkshire Arts and Technology Charter Public (District),04140000,0,0,0,0,0,0,0,66,75,68,44,33,35,36,0,357
Berkshire Hills,06180000,56,51,51,61,65,71,81,80,96,79,98,95,86,112,4,"1,086"
Berlin-Boylston,06200000,43,80,85,92,98,97,82,92,78,89,63,73,68,70,0,"1,110"
Beverly,00300000,118,354,377,347,359,344,357,366,329,365,268,287,303,318,5,"4,497"
Billerica,00310000,187,422,408,393,398,403,415,386,371,375,282,315,281,291,6,"4,933"
Blackstone Valley Regional Vocational Technical,08050000,0,0,0,0,0,0,0,0,0,0,309,311,320,296,0,"1,236"
Blackstone-Millville,06220000,58,79,97,109,103,93,115,125,111,133,97,108,89,99,2,"1,418"
Blue Hills Regional Vocational Technical,08060000,0,0,0,0,0,0,0,0,0,0,247,244,212,221,0,924
Boston,00350000,"2,621","3,248","3,345","3,304","3,338","3,323","2,905","2,869","2,834","2,895","3,140","3,281","3,430","3,677",206,"44,416"
Boston Collegiate Charter (District),04490000,0,0,0,0,0,0,85,106,95,94,96,77,70,61,4,688
Boston Day and Evening Academy Charter (District),04240000,0,0,0,0,0,0,0,0,0,0,10,77,70,156,0,313
Boston Green Academy Horace Mann Charter School (District),04110000,0,0,0,0,0,0,0,0,79,79,87,69,70,63,3,450
Boston Preparatory Charter Public (District),04160000,0,0,0,0,0,0,0,87,111,94,105,103,93,75,2,670
Boston Renaissance Charter Public (District),04810000,108,128,141,136,137,121,111,69,0,0,0,0,0,0,0,951
Bourne,00360000,67,103,118,130,120,129,112,130,116,144,57,92,71,75,9,"1,473"
Boxford,00380000,42,81,104,116,97,105,104,111,0,0,0,0,0,0,0,760
Braintree,00400000,91,341,340,348,393,433,402,403,424,390,340,372,375,406,0,"5,058"
Brewster,00410000,39,53,64,64,66,73,58,0,0,0,0,0,0,0,0,417
Bridge Boston Charter School (District),04170000,32,39,39,39,36,41,36,32,26,27,0,0,0,0,0,347
Bridgewater-Raynham,06250000,96,409,409,436,447,472,436,457,467,456,321,348,326,357,21,"5,458"
Brimfield,00430000,29,36,16,36,33,36,26,49,0,0,0,0,0,0,0,261
Bristol County Agricultural,09100000,0,0,0,0,0,0,0,0,0,0,164,164,157,152,0,637
Bristol-Plymouth Regional Vocational Technical,08100000,0,0,0,0,0,0,0,0,0,0,352,333,329,327,0,"1,341"
Brockton,00440000,533,"1,152","1,260","1,192","1,185","1,273","1,194",944,975,"1,092","1,066",875,907,934,60,"14,642"
Brooke Charter School (District),04280000,0,194,198,195,198,194,197,191,177,187,142,129,114,114,0,"2,230"
Brookfield,00450000,17,32,37,38,40,43,42,39,0,0,0,0,0,0,0,288
Brookline,00460000,237,453,491,482,542,501,547,528,503,517,499,535,584,519,10,"6,948"
Burlington,00480000,87,259,256,275,268,296,277,274,275,277,219,243,231,219,1,"3,457"
Cambridge,00490000,344,572,545,561,503,530,509,426,435,439,511,510,539,505,31,"6,960"
Canton,00500000,109,248,252,233,259,260,264,249,234,235,227,241,231,267,5,"3,314"
Cape Cod Lighthouse Charter (District),04320000,0,0,0,0,0,0,0,84,84,78,0,0,0,0,0,246
Cape Cod Regional Vocational Technical,08150000,0,0,0,0,0,0,0,0,0,0,190,182,171,161,0,704
Carlisle,00510000,16,55,62,78,64,82,60,56,76,60,0,0,0,0,0,609
Carver,00520000,73,88,123,95,128,147,97,121,110,89,110,81,89,81,4,"1,436"
Central Berkshire,06350000,40,123,97,107,125,113,108,128,120,123,117,112,109,107,1,"1,530"
Chelmsford,00560000,171,348,390,391,373,395,428,389,409,392,374,342,363,363,0,"5,128"
Chelsea,00570000,262,459,444,424,444,471,342,396,397,427,462,398,399,407,17,"5,749"
Chesterfield-Goshen,06320000,19,15,11,13,16,22,14,18,0,0,0,0,0,0,0,128
Chicopee,00610000,359,430,450,447,417,440,481,492,465,509,567,526,494,539,0,"6,616"
Christa McAuliffe Charter School (District),04180000,0,0,0,0,0,0,0,132,93,90,0,0,0,0,0,315
Clarksburg,00630000,18,18,17,21,21,23,22,19,23,29,0,0,0,0,0,211
Clinton,00640000,136,161,173,146,129,142,161,144,153,143,129,138,135,155,0,"2,045"
Codman Academy Charter Public (District),04380000,23,24,22,23,23,25,23,21,24,21,37,28,20,31,0,345
Cohasset,00650000,31,109,110,109,119,128,115,100,105,84,93,81,93,105,0,"1,382"
Collegiate Charter School of Lowell (District),35030000,0,78,80,103,113,116,98,99,109,114,89,73,71,62,0,"1,205"
Community Charter School of Cambridge (District),04360000,0,0,0,0,0,0,0,28,49,55,40,26,23,23,0,244
Community Day Charter Public School (District),04400000,126,130,129,134,126,121,99,114,111,108,0,0,0,0,0,"1,198"
Concord,00670000,53,165,178,202,196,203,216,215,215,225,0,0,0,0,0,"1,868"
Concord-Carlisle,06400000,0,0,0,0,0,0,0,0,0,0,276,279,264,322,7,"1,148"
Conservatory Lab Charter (District),04390000,48,51,54,54,54,53,52,46,32,23,0,0,0,0,0,467
Conway,00680000,15,18,23,17,15,18,18,22,0,0,0,0,0,0,0,146
Danvers,00710000,93,217,216,255,265,247,302,248,263,223,194,194,209,191,6,"3,123"
Dartmouth,00720000,84,211,211,248,252,270,255,294,269,278,229,197,203,232,10,"3,243"
Dedham,00730000,81,198,191,207,217,214,217,207,178,176,160,143,174,182,16,"2,561"
Deerfield,00740000,29,27,33,37,39,39,34,55,0,0,0,0,0,0,0,293
Dennis-Yarmouth,06450000,127,239,202,247,256,226,232,226,255,204,155,175,167,185,9,"2,905"
Dighton-Rehoboth,06500000,96,179,197,218,201,193,233,192,211,211,149,139,138,155,12,"2,524"
Douglas,00770000,60,74,85,80,85,84,75,104,90,82,65,60,59,72,2,"1,077"
Dover,00780000,13,78,61,63,83,91,68,0,0,0,0,0,0,0,0,457
Dover-Sherborn,06550000,0,0,0,0,0,0,0,168,151,140,164,135,135,179,0,"1,072"
Dracut,00790000,63,275,257,259,297,298,304,296,316,328,199,199,142,216,7,"3,456"
Dudley Street Neighborhood Charter School (District),04070000,22,39,37,45,43,37,38,0,0,0,0,0,0,0,0,261
Dudley-Charlton Reg,06580000,116,217,230,272,206,272,274,267,303,313,258,212,238,240,7,"3,425"
Duxbury,00820000,56,188,208,187,222,201,221,196,198,202,201,195,172,205,5,"2,657"
East Bridgewater,00830000,120,128,136,139,122,149,154,153,150,160,148,142,133,146,2,"1,982"
East Longmeadow,00870000,47,108,155,155,171,196,184,211,183,198,200,185,170,191,1,"2,355"
Eastham,00850000,0,26,29,24,30,41,28,0,0,0,0,0,0,0,0,178
Easthampton,00860000,38,105,90,87,102,96,115,117,108,106,109,97,95,75,0,"1,340"
Easton,00880000,114,242,209,225,216,275,245,247,250,286,240,239,255,246,8,"3,297"
Edgartown,00890000,9,43,31,39,33,38,50,37,38,37,0,0,0,0,0,355
Edward M. Kennedy Academy for Health Careers: A Horace Mann Charter Public School (District),04520000,0,0,0,0,0,0,0,0,0,0,151,102,84,87,0,424
Erving,00910000,8,14,14,13,10,14,14,19,0,0,0,0,0,0,0,106
Essex North Shore Agricultural and Technical School District,08170000,0,0,0,0,0,0,0,0,0,0,542,508,449,428,0,"1,927"
Everett,00930000,344,411,472,477,482,487,502,540,456,518,568,552,519,574,6,"6,908"
Excel Academy Charter (District),04100000,0,0,0,0,0,0,174,175,174,172,177,174,161,165,4,"1,376"
Fairhaven,00940000,42,107,110,107,117,121,122,140,128,136,129,150,132,136,2,"1,679"
Fall River,00950000,410,902,935,924,961,990,850,800,773,800,701,751,716,642,29,"11,184"
Falmouth,00960000,134,173,202,208,222,259,203,235,224,240,167,166,179,163,8,"2,783"
Farmington River Reg,06620000,3,22,11,11,16,14,15,13,0,0,0,0,0,0,0,105
Fitchburg,00970000,161,408,451,385,454,408,414,407,418,372,330,351,360,344,21,"5,284"
Florida,00980000,6,6,6,6,5,7,13,7,8,4,0,0,0,0,0,68
Four Rivers Charter Public (District),04130000,0,0,0,0,0,0,0,0,38,38,38,38,29,37,0,218
Foxborough,00990000,66,185,165,189,191,195,196,184,184,191,174,163,173,187,7,"2,450"
Foxborough Regional Charter (District),04460000,0,111,108,141,132,141,133,118,119,104,85,70,69,80,0,"1,411"
Framingham,01000000,234,679,717,721,701,694,694,524,648,599,616,564,576,509,6,"8,482"
Francis W. Parker Charter Essential (District),04780000,0,0,0,0,0,0,0,0,74,72,68,71,62,48,0,395
Franklin,01010000,116,289,319,314,315,311,332,309,361,338,346,317,342,364,10,"4,383"
Franklin County Regional Vocational Technical,08180000,0,0,0,0,0,0,0,0,0,0,172,177,151,147,0,647
Freetown-Lakeville,06650000,46,204,189,179,199,212,231,239,237,244,132,158,143,170,6,"2,589"
Frontier,06700000,0,0,0,0,0,0,0,0,116,115,99,92,72,94,6,594
Gardner,01030000,95,188,199,194,197,198,179,182,167,174,154,147,189,202,5,"2,470"
Gateway,06720000,56,54,58,54,60,53,47,50,58,66,53,30,45,35,2,721
Georgetown,01050000,35,81,99,80,93,86,91,92,86,102,29,61,59,67,0,"1,061"
Gill-Montague,06740000,35,67,67,52,57,78,56,70,72,85,51,55,43,50,1,839
Global Learning Charter Public (District),04960000,0,0,0,0,0,0,81,85,83,78,49,42,34,49,0,501
Gloucester,01070000,90,213,233,224,205,231,221,198,196,200,204,205,175,179,6,"2,780"
Gosnold,01090000,0,0,0,0,0,0,0,0,0,0,0,0,0,0,0,0
Grafton,01100000,107,208,225,216,236,247,240,262,218,251,216,204,261,205,19,"3,115"
Granby,01110000,31,36,32,42,34,58,57,58,56,63,35,44,44,44,0,634
Greater Commonwealth Virtual District,39010000,0,18,26,39,49,63,53,73,102,116,159,168,154,165,0,"1,185"
Greater Fall River Regional Vocational Technical,08210000,0,0,0,0,0,0,0,0,0,0,383,385,374,336,1,"1,479"
Greater Lawrence Regional Vocational Technical,08230000,0,0,0,0,0,0,0,0,0,0,500,491,470,432,0,"1,893"
Greater Lowell Regional Vocational Technical,08280000,0,0,0,0,0,0,0,0,0,0,592,602,567,537,14,"2,312"
Greater New Bedford Regional Vocational Technical,08250000,0,0,0,0,0,0,0,0,0,0,571,558,531,501,0,"2,161"
Greenfield,01140000,78,100,99,92,126,115,109,109,94,94,64,68,65,72,0,"1,285"
Groton-Dunstable,06730000,72,136,152,167,163,189,177,181,188,178,157,135,176,174,8,"2,253"
Hadley,01170000,53,35,31,40,44,37,49,32,42,32,34,23,23,34,2,511
Halifax,01180000,0,80,77,89,71,66,79,68,0,0,0,0,0,0,0,530
Hamilton-Wenham,06750000,28,139,121,141,136,156,132,132,127,137,119,117,112,109,0,"1,706"
Hampden Charter School of Science (District),04990000,0,0,0,0,0,0,0,141,148,154,151,140,104,120,0,958
Hampden-Wilbraham,06800000,84,172,187,202,199,215,205,220,192,198,235,244,231,243,9,"2,836"
Hampshire,06830000,0,0,0,0,0,0,0,0,127,137,128,117,105,92,2,708
Hancock,01210000,5,4,4,10,6,3,4,8,0,0,0,0,0,0,0,44
Hanover,01220000,58,160,175,204,177,192,207,223,209,172,150,164,172,152,0,"2,415"
Harvard,01250000,33,57,74,70,75,74,63,84,76,81,75,89,73,82,0,"1,006"
Hatfield,01270000,29,12,24,31,22,20,30,20,27,17,27,7,15,21,0,302
Haverhill,01280000,305,570,603,590,609,590,582,607,619,664,528,472,497,470,26,"7,732"
Hawlemont,06850000,14,6,3,14,10,5,10,11,0,0,0,0,0,0,0,73
Hill View Montessori Charter Public (District),04550000,0,36,36,34,36,35,34,31,33,31,0,0,0,0,0,306
Hilltown Cooperative Charter Public (District),04500000,0,18,20,20,20,22,29,31,30,28,0,0,0,0,0,218
Hingham,01310000,72,279,272,256,308,288,277,294,260,265,249,247,250,270,6,"3,593"
Holbrook,01330000,56,107,104,94,113,107,91,118,123,119,75,74,71,66,5,"1,323"
Holland,01350000,18,32,33,18,32,36,31,18,0,0,0,0,0,0,0,218
Holliston,01360000,84,177,143,175,202,243,210,207,184,219,204,200,190,206,7,"2,651"
Holyoke,01370000,317,313,319,327,290,310,328,317,303,310,360,358,361,406,0,"4,619"
Holyoke Community Charter (District),04530000,0,83,87,80,81,79,67,79,75,56,0,0,0,0,0,687
Hoosac Valley Regional,06030000,69,72,71,77,77,93,62,82,79,79,57,56,53,65,0,992
Hopedale,01380000,101,66,77,75,84,80,78,83,84,94,72,63,82,70,2,"1,111"
Hopkinton,01390000,82,279,269,292,328,321,345,359,359,315,331,314,318,323,8,"4,243"
Hudson,01410000,35,191,206,195,180,189,174,197,160,187,142,140,129,150,0,"2,275"
Hull,01420000,56,51,34,48,46,53,38,51,50,60,46,50,52,55,0,690
Innovation Academy Charter (District),04350000,0,0,0,0,0,0,105,100,100,100,91,75,82,87,0,740
Ipswich,01440000,46,115,100,124,110,127,105,113,104,133,111,99,107,110,5,"1,509"
King Philip,06900000,0,0,0,0,0,0,0,0,322,349,264,259,269,302,6,"1,771"
Kingston,01450000,0,152,163,155,171,164,155,149,0,0,0,0,0,0,0,"1,109"
KIPP Academy Boston Charter School (District),04630000,0,79,70,67,71,79,76,62,65,58,0,0,0,0,0,627
KIPP Academy Lynn Charter (District),04290000,0,122,129,126,125,128,126,127,126,127,133,126,119,114,1,"1,629"
Lawrence,01490000,481,837,"1,020","1,034",994,970,980,959,"1,025","1,055",797,922,863,969,49,"12,955"
Lawrence Family Development Charter (District),04540000,105,105,105,102,103,102,82,75,75,66,0,0,0,0,0,920
Learning First Charter Public School (District),04860000,0,75,75,75,75,75,76,75,71,69,0,0,0,0,0,666
Lee,01500000,16,33,34,47,50,41,46,44,58,66,59,56,60,38,0,648
Leicester,01510000,63,92,91,69,95,103,100,96,90,115,116,89,73,126,5,"1,323"
Lenox,01520000,14,49,44,50,57,49,57,63,67,57,61,65,57,59,1,750
Leominster,01530000,158,422,434,430,424,482,432,489,471,456,468,495,503,496,21,"6,181"
Leverett,01540000,17,19,14,16,13,20,18,18,0,0,0,0,0,0,0,135
Lexington,01550000,68,305,347,416,408,476,464,538,583,571,552,594,603,599,0,"6,524"
Libertas Academy Charter School (District),35140000,0,0,0,0,0,0,0,96,102,95,93,83,68,55,0,592
Lincoln,01570000,76,100,99,91,86,99,110,86,109,99,0,0,0,0,0,955
Lincoln-Sudbury,06950000,0,0,0,0,0,0,0,0,0,0,321,335,330,369,3,"1,358"
Littleton,01580000,40,116,132,127,128,136,115,129,116,132,104,120,115,121,1,"1,632"
Longmeadow,01590000,50,166,186,186,202,202,191,203,228,220,224,196,217,237,0,"2,708"
Lowell,01600000,591,"1,121","1,175","1,149","1,083","1,182","1,113","1,088","1,239","1,111",872,882,886,867,28,"14,387"
Lowell Community Charter Public (District),04560000,40,98,95,90,87,88,82,85,74,76,0,0,0,0,0,815
Lowell Middlesex Academy Charter (District),04580000,0,0,0,0,0,0,0,0,0,0,10,33,30,51,0,124
Ludlow,01610000,78,139,141,137,140,149,152,171,149,178,192,167,171,192,2,"2,158"
Lunenburg,01620000,55,108,116,110,113,135,108,122,151,109,89,110,116,118,8,"1,568"
Lynn,01630000,467,"1,048","1,154","1,154","1,239","1,199","1,223","1,068","1,114","1,167","1,158","1,199","1,299","1,333",55,"15,877"
Lynnfield,01640000,33,142,171,163,172,186,187,162,179,182,131,165,156,130,0,"2,159"
Ma Academy for Math and Science,04680000,0,0,0,0,0,0,0,0,0,0,0,0,49,49,0,98
Malden,01650000,212,449,459,474,427,481,459,435,458,426,424,444,441,474,9,"6,072"
Manchester Essex Regional,06980000,38,65,70,81,89,73,89,96,84,98,93,86,106,88,0,"1,156"
Mansfield,01670000,101,231,204,232,245,257,269,250,244,253,225,240,232,252,8,"3,243"
Map Academy Charter School (District),35170000,0,0,0,0,0,0,0,0,0,0,57,71,107,71,0,306
Marblehead,01680000,63,156,173,174,189,151,169,160,170,177,211,201,210,185,0,"2,389"
Marblehead Community Charter Public (District),04640000,0,0,0,0,0,47,45,47,43,44,0,0,0,0,0,226
Marion,01690000,16,43,50,35,42,52,55,49,0,0,0,0,0,0,0,342
Marlborough,01700000,184,367,421,400,386,425,419,312,338,294,139,195,219,249,12,"4,360"
Marshfield,01710000,119,267,265,266,277,264,256,278,234,261,273,244,261,284,3,"3,552"
Martha's Vineyard,07000000,0,0,0,0,0,0,0,0,0,0,170,174,178,178,3,703
Martha's Vineyard Charter Public School (District),04660000,0,11,16,14,11,12,11,15,17,18,8,6,10,15,0,164
"Martin Luther King, Jr. Charter School of Excellence (District)",04920000,0,64,60,60,56,59,55,0,0,0,0,0,0,0,0,354
Masconomet,07050000,0,0,0,0,0,0,0,0,284,268,251,208,226,260,0,"1,497"
Mashpee,01720000,95,88,96,104,111,105,107,100,87,101,94,78,88,95,0,"1,349"
Match Charter Public School (District),04690000,77,93,88,93,98,99,96,92,100,90,78,64,72,50,2,"1,192"
Mattapoisett,01730000,22,35,61,42,55,57,47,47,0,0,0,0,0,0,0,366
Maynard,01740000,61,93,100,109,92,94,92,90,83,100,76,80,71,75,1,"1,217"
Medfield,01750000,49,151,190,202,187,204,179,196,185,186,186,192,157,174,4,"2,442"
Medford,01760000,106,309,315,340,291,336,324,303,294,280,311,302,307,293,9,"4,120"
Medway,01770000,46,152,147,171,171,175,172,175,162,169,136,161,136,152,0,"2,125"
Melrose,01780000,228,242,259,308,264,295,300,265,266,299,261,253,253,237,0,"3,730"
Mendon-Upton,07100000,43,157,164,175,167,180,160,169,174,175,101,132,115,119,8,"2,039"
Methuen,01810000,147,384,446,489,454,471,502,525,552,534,409,468,417,456,1,"6,255"
Middleborough,01820000,60,219,216,202,253,236,245,204,236,224,209,183,182,189,5,"2,863"
Middleton,01840000,64,63,77,91,104,104,103,91,0,0,0,0,0,0,0,697
Milford,01850000,146,313,324,319,329,343,338,318,298,314,325,314,301,307,2,"4,291"
Millbury,01860000,95,115,109,111,134,122,105,134,104,139,101,113,124,103,7,"1,616"
Millis,01870000,58,75,81,103,100,96,84,104,84,97,70,67,82,65,3,"1,169"
Milton,01890000,95,323,368,345,367,389,357,344,316,327,313,270,295,239,10,"4,358"
Minuteman Regional Vocational Technical,08300000,0,0,0,0,0,0,0,0,0,0,178,169,156,154,0,657
Mohawk Trail,07170000,85,42,60,49,58,54,61,62,70,73,33,40,43,28,0,758
Monomoy Regional School District,07120000,47,94,96,96,115,115,126,118,137,138,139,133,146,135,9,"1,644"
Monson,01910000,55,52,54,62,63,64,76,75,74,59,40,40,46,36,4,800
Montachusett Regional Vocational Technical,08320000,0,0,0,0,0,0,0,0,0,0,353,348,346,356,0,"1,403"
Mount Greylock,07150000,56,57,74,76,80,101,85,84,107,106,85,95,82,67,1,"1,156"
Mystic Valley Regional Charter (District),04700000,0,168,168,169,164,156,151,144,144,146,107,83,82,91,0,"1,773"
Nahant,01960000,37,19,21,27,21,15,22,13,0,0,0,0,0,0,0,175
Nantucket,01970000,51,90,121,114,115,137,120,104,122,129,124,127,152,145,2,"1,653"
Narragansett,07200000,70,71,105,99,102,102,105,116,124,118,92,89,81,88,3,"1,365"
Nashoba,07250000,81,195,211,220,222,259,245,223,249,233,228,203,196,200,7,"2,972"
Nashoba Valley Regional Vocational Technical,08520000,0,0,0,0,0,0,0,0,0,0,201,198,183,186,1,769
Natick,01980000,129,360,373,353,358,437,374,402,411,402,386,395,424,419,0,"5,223"
Nauset,06600000,0,0,0,0,0,0,0,141,158,140,165,197,171,170,4,"1,146"
Needham,01990000,72,372,387,385,445,408,430,430,436,439,416,418,373,416,0,"5,427"
Neighborhood House Charter (District),04440000,37,40,39,40,43,44,52,56,66,68,83,67,86,47,0,768
New Bedford,02010000,463,"1,056","1,039","1,068","1,094","1,086",947,857,877,937,676,758,787,759,37,"12,441"
New Heights Charter School of Brockton (District),35130000,0,0,0,0,0,0,0,114,114,114,115,102,86,89,0,734
New Salem-Wendell,07280000,27,16,10,13,15,22,20,17,0,0,0,0,0,0,0,140
Newburyport,02040000,56,117,114,159,121,153,141,179,163,156,187,179,189,190,0,"2,104"
Newton,02070000,162,687,750,773,786,848,902,873,887,873,932,940,"1,028",989,31,"11,461"
Norfolk,02080000,66,110,129,165,121,148,169,129,0,0,0,0,0,0,0,"1,037"
Norfolk County Agricultural,09150000,0,0,0,0,0,0,0,0,0,0,153,154,153,139,0,599
North Adams,02090000,100,85,73,71,91,89,88,78,84,68,56,53,65,60,3,"1,064"
North Andover,02110000,105,298,344,313,335,323,324,344,351,337,298,305,338,347,0,"4,362"
North Attleborough,02120000,155,246,281,262,280,323,315,291,314,316,260,250,232,227,17,"3,769"
North Brookfield,02150000,31,28,32,29,28,40,40,40,17,26,22,12,18,26,0,389
North Middlesex,07350000,64,214,217,223,223,235,254,231,225,229,150,149,173,169,8,"2,764"
North Reading,02170000,50,183,175,188,201,180,191,197,144,186,152,167,147,167,7,"2,335"
Northampton,02100000,42,138,121,160,171,161,173,201,187,182,204,167,241,226,8,"2,382"
Northampton-Smith Vocational Agricultural,04060000,0,0,0,0,0,0,0,0,0,0,150,150,149,140,0,589
Northboro-Southboro,07300000,0,0,0,0,0,0,0,0,0,0,299,327,291,276,11,"1,204"
Northborough,02130000,0,179,160,152,167,178,197,196,186,173,0,0,0,0,0,"1,588"
Northbridge,02140000,97,128,132,172,144,152,150,135,114,121,103,121,105,131,0,"1,805"
Northeast Metropolitan Regional Vocational Technical,08530000,0,0,0,0,0,0,0,0,0,0,371,358,350,335,0,"1,414"
Northern Berkshire Regional Vocational Technical,08510000,0,0,0,0,0,0,0,0,0,0,127,120,117,127,0,491
Norton,02180000,94,128,146,174,173,178,189,181,159,194,152,167,159,180,3,"2,277"
Norwell,02190000,44,179,159,161,163,173,174,195,163,165,152,152,153,139,0,"2,172"
Norwood,02200000,139,262,246,307,254,276,280,257,272,261,232,251,224,223,7,"3,491"
Oak Bluffs,02210000,19,42,32,46,46,33,49,39,45,39,0,0,0,0,0,390
Old Colony Regional Vocational Technical,08550000,0,0,0,0,0,0,0,0,0,0,151,143,131,129,0,554
Old Rochester,07400000,0,0,0,0,0,0,0,0,204,213,134,164,157,148,8,"1,028"
Old Sturbridge Academy Charter Public School (District),35150000,0,39,44,44,44,44,43,44,30,26,0,0,0,0,0,358
Orange,02230000,41,61,65,70,48,83,54,74,0,0,0,0,0,0,0,496
Orleans,02240000,0,20,29,26,17,34,22,0,0,0,0,0,0,0,0,148
Oxford,02260000,41,93,116,102,101,116,98,106,129,111,114,108,94,87,4,"1,420"
Palmer,02270000,54,82,85,93,93,86,109,74,87,114,47,34,58,51,1,"1,068"
Pathfinder Regional Vocational Technical,08600000,0,0,0,0,0,0,0,0,0,0,170,162,166,148,1,647
Peabody,02290000,217,456,444,466,452,505,426,447,445,396,316,309,352,343,13,"5,587"
Pelham,02300000,0,12,11,22,20,23,23,16,0,0,0,0,0,0,0,127
Pembroke,02310000,74,165,175,165,188,192,182,157,194,181,157,179,169,160,5,"2,343"
Pentucket,07450000,89,183,170,179,181,208,154,193,186,177,141,152,140,132,0,"2,285"
Petersham,02340000,0,17,20,18,21,18,20,19,0,0,0,0,0,0,0,133
"Phoenix Academy Charter Public High School, Chelsea (District)",04930000,0,0,0,0,0,0,0,0,0,0,141,5,30,18,0,194
"Phoenix Academy Public Charter High School, Lawrence (District)",35180000,0,0,0,0,0,0,0,0,0,0,96,8,21,8,0,133
"Phoenix Academy Public Charter High School, Springfield (District)",35080000,0,0,0,0,0,0,0,0,0,0,106,5,50,14,0,175
Pioneer Charter School of Science (District),04940000,0,63,63,63,63,63,63,63,63,62,60,54,55,51,0,786
Pioneer Charter School of Science II (District),35060000,0,49,50,50,50,50,50,0,75,75,69,62,46,58,0,684
Pioneer Valley,07500000,43,36,34,36,40,48,50,37,62,64,36,35,20,16,3,560
Pioneer Valley Chinese Immersion Charter (District),04970000,0,44,44,44,45,44,44,67,58,48,45,46,35,28,0,592
Pioneer Valley Performing Arts Charter Public (District),04790000,0,0,0,0,0,0,0,0,68,72,68,60,64,63,0,395
Pittsfield,02360000,186,338,300,354,390,339,327,296,286,370,395,354,368,361,18,"4,682"
Plainville,02380000,51,91,79,97,80,89,67,81,0,0,0,0,0,0,0,635
Plymouth,02390000,210,506,476,503,491,543,490,501,520,513,536,507,513,508,0,"6,817"
Plympton,02400000,0,35,26,36,37,43,33,45,0,0,0,0,0,0,0,255
Prospect Hill Academy Charter (District),04870000,54,65,65,64,72,73,59,73,66,68,65,51,48,65,0,888
Provincetown,02420000,28,12,8,17,12,12,9,5,18,16,0,0,0,0,0,137
Quabbin,07530000,116,139,143,155,146,166,166,183,182,187,144,145,137,106,11,"2,126"
Quaboag Regional,07780000,44,75,62,68,69,93,84,88,87,112,75,81,94,81,0,"1,113"
Quincy,02430000,266,627,673,672,747,698,730,720,743,724,731,717,741,780,29,"9,598"
Ralph C Mahar,07550000,0,0,0,0,0,0,0,0,110,111,79,94,76,78,0,548
Randolph,02440000,134,235,234,217,228,244,207,215,214,238,143,207,183,176,0,"2,875"
Reading,02460000,100,304,246,316,291,311,278,344,311,295,237,281,281,263,4,"3,862"
Revere,02480000,164,477,455,524,527,538,551,521,538,548,525,554,517,479,12,"6,930"
Richmond,02490000,13,13,14,17,16,19,19,19,16,11,0,0,0,0,0,157
Rising Tide Charter Public (District),04830000,0,0,0,0,0,0,90,96,96,93,59,64,53,59,0,610
River Valley Charter (District),04820000,0,32,31,32,33,32,32,31,32,33,0,0,0,0,0,288
Rochester,02500000,22,50,64,62,59,63,61,70,0,0,0,0,0,0,0,451
Rockland,02510000,76,163,150,158,157,167,153,186,175,140,168,142,141,145,3,"2,124"
Rockport,02520000,22,32,40,40,41,40,48,42,45,55,44,57,66,50,0,622
Rowe,02530000,3,4,6,4,9,4,9,12,0,0,0,0,0,0,0,51
Roxbury Preparatory Charter (District),04840000,0,0,0,0,0,0,84,180,187,189,234,148,112,91,0,"1,225"
Salem,02580000,203,340,308,320,310,307,312,266,235,252,318,228,233,244,13,"3,889"
Salem Academy Charter (District),04850000,0,0,0,0,0,0,0,75,75,75,72,68,60,52,0,477
Sandwich,02610000,83,162,159,157,168,152,176,161,186,173,121,133,105,140,5,"2,081"
Saugus,02620000,88,195,209,203,207,209,196,190,212,210,172,167,182,169,5,"2,614"
Savoy,02630000,2,4,7,6,6,2,4,5,0,0,0,0,0,0,0,36
Scituate,02640000,79,193,227,200,244,206,202,233,231,215,170,186,174,166,0,"2,726"
Seekonk,02650000,49,155,158,148,158,164,180,171,164,169,134,122,122,110,5,"2,009"
Sharon,02660000,61,201,215,221,255,234,255,280,289,261,255,274,284,316,0,"3,401"
Shawsheen Valley Regional Vocational Technical,08710000,0,0,0,0,0,0,0,0,0,0,351,350,291,301,0,"1,293"
Sherborn,02690000,13,52,63,56,68,75,66,0,0,0,0,0,0,0,0,393
Shrewsbury,02710000,173,330,394,389,427,426,418,472,468,436,467,449,477,494,26,"5,846"
Shutesbury,02720000,20,10,17,15,13,19,11,16,0,0,0,0,0,0,0,121
Silver Lake,07600000,81,0,0,0,0,0,0,0,257,264,264,253,247,242,12,"1,620"
Sizer School: A North Central Charter Essential (District),04740000,0,0,0,0,0,0,0,0,53,50,60,42,34,31,0,270
Somerset,02730000,75,135,161,122,155,169,159,164,200,184,0,0,0,0,0,"1,524"
Somerset Berkley Regional School District,07630000,0,0,0,0,0,0,0,0,0,0,241,189,203,250,13,896
Somerville,02740000,273,382,349,365,337,370,350,372,346,305,377,361,348,336,5,"4,876"
South Hadley,02780000,63,95,106,119,110,146,106,109,136,117,118,111,121,101,5,"1,563"
South Middlesex Regional Vocational Technical,08290000,0,0,0,0,0,0,0,0,0,0,234,239,224,210,0,907
South Shore Charter Public (District),04880000,0,79,104,104,84,87,86,81,93,97,95,86,68,72,0,"1,136"
South Shore Regional Vocational Technical,08730000,0,0,0,0,0,0,0,0,0,0,183,186,163,163,0,695
Southampton,02750000,34,57,61,66,65,66,60,63,0,0,0,0,0,0,0,472
Southborough,02760000,110,114,131,120,155,136,127,161,126,143,0,0,0,0,0,"1,323"
Southbridge,02770000,64,152,178,155,133,129,140,151,108,139,122,108,95,101,0,"1,775"
Southeastern Regional Vocational Technical,08720000,0,0,0,0,0,0,0,0,0,0,423,419,401,393,0,"1,636"
Southern Berkshire,07650000,56,37,36,43,35,63,49,41,40,33,49,33,39,39,0,593
Southern Worcester County Regional Vocational School District,08760000,0,0,0,0,0,0,0,0,0,0,322,294,291,273,0,"1,180"
Southwick-Tolland-Granville Regional School District,07660000,48,80,91,88,94,87,90,104,101,95,91,91,90,97,3,"1,250"
Spencer-E Brookfield,07670000,103,114,105,119,110,125,97,126,102,121,103,69,67,76,6,"1,443"
Springfield,02810000,"2,036","1,761","1,629","1,708","1,659","1,676","1,543","1,455","1,522","1,499","1,951","1,794","1,549","1,673",119,"23,574"
Springfield International Charter (District),04410000,0,95,96,108,129,125,129,125,124,135,120,113,132,93,0,"1,524"
Springfield Preparatory Charter School (District),35100000,0,55,53,53,54,54,54,54,54,54,0,0,0,0,0,485
Stoneham,02840000,90,165,195,199,182,189,180,176,169,153,150,146,131,168,3,"2,296"
Stoughton,02850000,105,268,261,277,288,306,241,253,263,261,270,271,256,230,1,"3,551"
Sturbridge,02870000,53,84,84,110,108,115,107,134,0,0,0,0,0,0,0,795
Sturgis Charter Public (District),04890000,0,0,0,0,0,0,0,0,0,0,209,213,207,204,0,833
Sudbury,02880000,68,258,253,272,298,277,244,315,278,272,0,0,0,0,0,"2,535"
Sunderland,02890000,25,18,27,18,27,21,13,24,0,0,0,0,0,0,0,173
Sutton,02900000,49,69,85,104,99,96,98,98,118,102,68,91,80,97,0,"1,254"
Swampscott,02910000,52,134,145,145,168,153,149,147,164,151,148,179,173,170,5,"2,083"
Swansea,02920000,62,143,141,158,149,171,150,163,155,170,127,116,128,132,8,"1,973"
Tantasqua,07700000,0,0,0,0,0,0,0,0,246,282,298,279,280,270,7,"1,662"
Taunton,02930000,354,575,648,635,600,627,576,622,589,666,570,582,573,593,13,"8,223"
TEC Connections Academy Commonwealth Virtual School District,39020000,0,52,64,82,96,115,122,182,226,302,421,460,405,443,0,"2,970"
Tewksbury,02950000,147,273,280,253,305,249,263,257,250,264,202,162,169,189,8,"3,271"
Tisbury,02960000,11,27,26,33,34,38,39,29,29,22,0,0,0,0,0,288
Topsfield,02980000,49,75,60,68,72,87,80,84,0,0,0,0,0,0,0,575
Tri-County Regional Vocational Technical,08780000,0,0,0,0,0,0,0,0,0,0,249,252,248,243,0,992
Triton,07730000,139,161,149,163,176,166,132,174,150,146,132,130,115,143,0,"2,076"
Truro,03000000,17,7,12,9,4,11,8,3,0,0,0,0,0,0,0,71
Tyngsborough,03010000,59,118,111,118,106,136,117,99,132,119,123,78,114,116,0,"1,546"
UP Academy Charter School of Dorchester (District),35050000,53,68,62,63,71,68,73,65,69,58,0,0,0,0,0,650
Up-Island Regional,07740000,8,46,38,31,52,41,50,41,54,47,0,0,0,0,0,408
Upper Cape Cod Regional Vocational Technical,08790000,0,0,0,0,0,0,0,0,0,0,230,225,207,205,0,867
Uxbridge,03040000,78,118,113,123,101,127,111,115,112,134,127,127,122,123,3,"1,634"
Veritas Preparatory Charter School (District),04980000,0,0,0,0,0,0,110,109,107,104,90,97,75,77,0,769
Wachusett,07750000,116,459,498,501,505,538,543,507,537,484,440,424,420,436,19,"6,427"
Wakefield,03050000,145,255,263,272,236,261,285,250,264,277,223,220,217,211,0,"3,379"
Wales,03060000,10,9,16,13,20,8,12,19,0,0,0,0,0,0,0,107
Walpole,03070000,61,276,267,275,285,296,325,307,292,276,213,236,212,235,4,"3,560"
Waltham,03080000,107,426,441,400,441,425,409,420,403,426,467,445,451,454,14,"5,729"
Ware,03090000,55,82,91,91,76,80,79,93,96,74,63,64,58,57,7,"1,066"
Wareham,03100000,73,184,180,169,159,177,141,143,137,150,88,99,127,111,11,"1,949"
Warwick,03120000,10,7,5,4,2,8,7,4,0,0,0,0,0,0,0,47
Watertown,03140000,201,252,226,228,197,229,191,198,199,194,187,173,179,189,0,"2,843"
Wayland,03150000,40,168,166,199,184,217,231,207,202,256,214,193,189,196,0,"2,662"
Webster,03160000,47,146,131,135,149,144,132,149,128,138,150,93,106,81,7,"1,736"
Wellesley,03170000,79,257,272,287,292,318,276,292,302,316,310,288,298,324,11,"3,922"
Wellfleet,03180000,0,13,5,10,14,21,19,0,0,0,0,0,0,0,0,82
West Boylston,03220000,39,54,79,65,74,79,60,71,72,75,47,60,65,61,2,903
West Bridgewater,03230000,34,82,81,101,101,100,124,102,117,108,100,101,105,104,0,"1,360"
West Springfield,03320000,228,239,235,251,283,254,305,286,297,288,332,283,259,290,8,"3,838"
Westborough,03210000,109,245,229,265,247,297,261,295,273,294,260,289,282,294,9,"3,649"
Westfield,03250000,230,311,310,285,311,341,341,349,366,320,390,389,371,401,10,"4,725"
Westford,03260000,99,257,283,296,330,318,361,359,371,368,337,404,377,349,6,"4,515"
Westhampton,03270000,10,10,8,9,16,17,12,10,0,0,0,0,0,0,0,92
Weston,03300000,54,139,147,126,171,171,166,156,157,141,157,153,174,167,0,"2,079"
Westport,03310000,56,114,108,121,120,116,113,122,134,120,101,101,109,74,2,"1,511"
Westwood,03350000,50,210,210,239,215,224,232,188,224,221,202,206,222,196,0,"2,839"
Weymouth,03360000,223,489,432,425,428,430,429,400,377,408,418,397,406,424,13,"5,699"
Whately,03370000,15,20,18,18,19,16,17,18,0,0,0,0,0,0,0,141
Whitman-Hanson,07800000,110,239,247,260,245,288,237,278,258,277,249,218,247,258,12,"3,423"
Whittier Regional Vocational Technical,08850000,0,0,0,0,0,0,0,0,0,0,320,329,326,313,0,"1,288"
Williamsburg,03400000,12,9,12,16,14,18,10,19,0,0,0,0,0,0,0,110
Wilmington,03420000,78,228,224,200,239,230,232,234,215,269,147,168,145,173,0,"2,782"
Winchendon,03430000,63,92,70,83,108,108,93,88,97,87,62,60,59,54,3,"1,127"
Winchester,03440000,61,262,293,311,314,324,305,362,350,341,334,375,333,376,0,"4,341"
Winthrop,03460000,36,148,154,148,151,167,148,165,146,144,137,118,151,143,4,"1,960"
Woburn,03470000,156,338,329,338,366,342,323,324,321,287,291,305,316,284,7,"4,327"
Worcester,03480000,985,"1,827","1,905","1,797","1,792","1,838","1,562","1,715","1,748","1,741","1,959","1,935","1,932","1,843",98,"24,677"
Worcester Cultural Academy Charter Public School (District),35190000,0,21,46,46,25,47,25,20,0,0,0,0,0,0,0,230
Worthington,03490000,10,8,9,7,10,7,8,14,0,0,0,0,0,0,0,73
Wrentham,03500000,68,139,123,129,128,143,132,119,0,0,0,0,0,0,0,981
State Totals,00000000,"30,779","60,871","62,836","64,067","65,117","67,343","65,468","66,427","67,088","67,427","71,173","69,998","69,622","70,385","1,886","900,487"
